{"cameraMode":{"drawMode":0,"name":"Shaded","section":"Shading Mode"},"sceneLighting":true,"audioPlay":false,"sceneViewState":{"showFog":true,"showMaterialUpdate":true,"showSkybox":true,"showFlares":true,"showImageEffects":true,"showParticleSystems":true},"in2DMode":false,"pivot":{"x":-2.1805806159973146,"y":0.6952872276306152,"z":-6.831751346588135},"rotation":{"x":0.0519830584526062,"y":-0.40846553444862368,"z":0.023307709023356439,"w":0.9109950661659241},"size":5.640017986297607,"orthographic":true}